<?xml version="1.0" encoding="UTF-8"?>
<project-private xmlns="http://www.netbeans.org/ns/project-private/1">
    <editor-bookmarks xmlns="http://www.netbeans.org/ns/editor-bookmarks/2" lastBookmarkId="0"/>
    <open-files xmlns="http://www.netbeans.org/ns/projectui-open-files/2">
        <group>
            <file>file:/C:/OSPanel/domains/testmvc/index.php</file>
            <file>file:/C:/OSPanel/domains/testmvc/css/style.css</file>
            <file>file:/C:/OSPanel/domains/testmvc/app/views/layouts/default.php</file>
            <file>file:/C:/OSPanel/domains/testmvc/app/core/Router.php</file>
            <file>file:/C:/OSPanel/domains/testmvc/app/views/portfolio/index.php</file>
        </group>
    </open-files>
</project-private>
